Dive Number,GF Minimum,GF Maximum,Surface Interval (min),Imperial Units,Start Battery Voltage,Start CNS %,Start Date,Start External O2 Sensor Status,Start Low Set Point,Start High Set Point,Computer Firmware Version,Max Depth,Max Time,Error History,End Battery Voltage,End CNS,End Date,End External O2 Sensor Status,End Low Set Point,End High Set Point,Computer Serial Number,Computer Firmware Version,Computer Model,Log Version,Deco Model,VPM-B Conservatism,Start Surface Pressure,End Surface Pressure,Product
634,80,80,38190,False,3,9,0,08/03/2026 11:13:51,False,0,1,53,35,1,2448,,3,8,4,08/03/2026 11:54:34,False,0,1,3012E671,53,2,8,GF,80/80,1016,1016,Petrel
Time (sec),Depth,First Stop Depth,Time To Surface (min),Average PPO2,Fraction O2,Fraction He,First Stop Time,Current NDL,Current Circuit Mode,Current CCR Mode,Water Temp,Gas Switch Needed,External PPO2,Set Point Type,Circuit Switch Type,External O2 Sensor 1 (mV),External O2 Sensor 2 (mV),External O2 Sensor 3 (mV),Battery Voltage,Tank 1 pressure (PSI),Tank 2 pressure (PSI),Tank 3 pressure (PSI),Tank 4 pressure (PSI),Gas Time Remaining,SAC Rate (2 minute avg),Ascent Rate,Safe Ascent Depth,CO2mbar
0,0,0,0,0.21,0.21,0,0,0,1,0,18,False,True,1,0,0,0,0,3.85,AI désactivée,AI désactivée,UNAVAILABLE_SENSOR_DATA,UNAVAILABLE_SENSOR_DATA,Non appairé,AI désactivée,0,0,0
10,4,0,1,0.29,0.21,0,0,99,1,0,26,False,True,1,0,0,0,0,3.85,AI désactivée,AI désactivée,UNAVAILABLE_SENSOR_DATA,UNAVAILABLE_SENSOR_DATA,Non appairé,AI désactivée,0,0,0
20,4.1,0,1,0.29,0.21,0,0,99,1,0,27,False,True,1,0,0,0,0,3.85,AI désactivée,AI désactivée,UNAVAILABLE_SENSOR_DATA,UNAVAILABLE_SENSOR_DATA,Non appairé,AI désactivée,0,0,0
30,4.5,0,1,0.3,0.21,0,0,99,1,0,27,False,True,1,0,0,0,0,3.85,AI désactivée,AI désactivée,UNAVAILABLE_SENSOR_DATA,UNAVAILABLE_SENSOR_DATA,Non appairé,AI désactivée,0,0,0
40,4.1,0,1,0.29,0.21,0,0,99,1,0,27,False,True,1,0,0,0,0,3.85,AI désactivée,AI désactivée,UNAVAILABLE_SENSOR_DATA,UNAVAILABLE_SENSOR_DATA,Non appairé,AI désactivée,0,0,0
50,3.8,0,1,0.29,0.21,0,0,99,1,0,27,False,True,1,0,0,0,0,3.85,AI désactivée,AI désactivée,UNAVAILABLE_SENSOR_DATA,UNAVAILABLE_SENSOR_DATA,Non appairé,AI désactivée,0,0,0
60,4.4,0,1,0.3,0.21,0,0,99,1,0,27,False,True,1,0,0,0,0,3.85,AI désactivée,AI désactivée,UNAVAILABLE_SENSOR_DATA,UNAVAILABLE_SENSOR_DATA,Non appairé,AI désactivée,0,0,0
70,4.4,0,1,0.3,0.21,0,0,99,1,0,27,False,True,1,0,0,0,0,3.85,AI désactivée,AI désactivée,UNAVAILABLE_SENSOR_DATA,UNAVAILABLE_SENSOR_DATA,Non appairé,AI désactivée,0,0,0
80,5.4,0,1,0.32,0.21,0,0,99,1,0,27,False,True,1,0,0,0,0,3.85,AI désactivée,AI désactivée,UNAVAILABLE_SENSOR_DATA,UNAVAILABLE_SENSOR_DATA,Non appairé,AI désactivée,0,0,0
90,6.1,0,1,0.33,0.21,0,0,99,1,0,27,False,True,1,0,0,0,0,3.85,AI désactivée,AI désactivée,UNAVAILABLE_SENSOR_DATA,UNAVAILABLE_SENSOR_DATA,Non appairé,AI désactivée,0,0,0
100,7,0,1,0.35,0.21,0,0,99,1,0,27,False,True,1,0,0,0,0,3.85,AI désactivée,AI désactivée,UNAVAILABLE_SENSOR_DATA,UNAVAILABLE_SENSOR_DATA,Non appairé,AI désactivée,0,0,0
110,8.5,0,1,0.38,0.21,0,0,99,1,0,27,False,True,1,0,0,0,0,3.85,AI désactivée,AI désactivée,UNAVAILABLE_SENSOR_DATA,UNAVAILABLE_SENSOR_DATA,Non appairé,AI désactivée,0,0,0
120,9.1,0,1,0.4,0.21,0,0,99,1,0,28,False,True,1,0,0,0,0,3.85,AI désactivée,AI désactivée,UNAVAILABLE_SENSOR_DATA,UNAVAILABLE_SENSOR_DATA,Non appairé,AI désactivée,0,0,0
130,10.3,0,1,0.42,0.21,0,0,99,1,0,28,False,True,1,0,0,0,0,3.85,AI désactivée,AI désactivée,UNAVAILABLE_SENSOR_DATA,UNAVAILABLE_SENSOR_DATA,Non appairé,AI désactivée,0,0,0
140,12.8,0,2,0.47,0.21,0,0,97,1,0,28,False,True,1,0,0,0,0,3.85,AI désactivée,AI désactivée,UNAVAILABLE_SENSOR_DATA,UNAVAILABLE_SENSOR_DATA,Non appairé,AI désactivée,0,0,0
150,16,0,2,0.54,0.21,0,0,70,1,0,28,False,True,1,0,0,0,0,3.85,AI désactivée,AI désactivée,UNAVAILABLE_SENSOR_DATA,UNAVAILABLE_SENSOR_DATA,Non appairé,AI désactivée,0,0,0
160,17.6,0,2,0.56,0.21,0,0,47,1,0,28,False,True,1,0,0,0,0,3.85,AI désactivée,AI désactivée,UNAVAILABLE_SENSOR_DATA,UNAVAILABLE_SENSOR_DATA,Non appairé,AI désactivée,0,0,0
170,19.5,0,2,0.61,0.21,0,0,37,1,0,28,False,True,1,0,0,0,0,3.85,AI désactivée,AI désactivée,UNAVAILABLE_SENSOR_DATA,UNAVAILABLE_SENSOR_DATA,Non appairé,AI désactivée,0,0,0
180,21.3,0,3,0.64,0.21,0,0,27,1,0,28,False,True,1,0,0,0,0,3.85,AI désactivée,AI désactivée,UNAVAILABLE_SENSOR_DATA,UNAVAILABLE_SENSOR_DATA,Non appairé,AI désactivée,0,0,0
190,23.2,0,3,0.68,0.21,0,0,25,1,0,28,False,True,1,0,0,0,0,3.85,AI désactivée,AI désactivée,UNAVAILABLE_SENSOR_DATA,UNAVAILABLE_SENSOR_DATA,Non appairé,AI désactivée,0,0,0
200,26.9,0,3,0.75,0.21,0,0,18,1,0,28,False,True,1,0,0,0,0,3.85,AI désactivée,AI désactivée,UNAVAILABLE_SENSOR_DATA,UNAVAILABLE_SENSOR_DATA,Non appairé,AI désactivée,0,0,0
210,28.4,0,3,0.79,0.21,0,0,14,1,0,28,False,True,1,0,0,0,0,3.85,AI désactivée,AI désactivée,UNAVAILABLE_SENSOR_DATA,UNAVAILABLE_SENSOR_DATA,Non appairé,AI désactivée,0,0,0
220,30.4,0,3,0.83,0.21,0,0,11,1,0,28,False,True,1,0,0,0,0,3.85,AI désactivée,AI désactivée,UNAVAILABLE_SENSOR_DATA,UNAVAILABLE_SENSOR_DATA,Non appairé,AI désactivée,0,0,0
230,32.5,0,4,0.87,0.21,0,0,9,1,0,28,False,True,1,0,0,0,0,3.85,AI désactivée,AI désactivée,UNAVAILABLE_SENSOR_DATA,UNAVAILABLE_SENSOR_DATA,Non appairé,AI désactivée,0,0,0
240,33.2,0,4,0.89,0.21,0,0,9,1,0,28,False,True,1,0,0,0,0,3.85,AI désactivée,AI désactivée,UNAVAILABLE_SENSOR_DATA,UNAVAILABLE_SENSOR_DATA,Non appairé,AI désactivée,0,0,0
250,33.1,0,4,0.89,0.21,0,0,8,1,0,28,False,True,1,0,0,0,0,3.85,AI désactivée,AI désactivée,UNAVAILABLE_SENSOR_DATA,UNAVAILABLE_SENSOR_DATA,Non appairé,AI désactivée,0,0,0
260,32.7,0,4,0.88,0.21,0,0,8,1,0,28,False,True,1,0,0,0,0,3.85,AI désactivée,AI désactivée,UNAVAILABLE_SENSOR_DATA,UNAVAILABLE_SENSOR_DATA,Non appairé,AI désactivée,0,0,0
270,32.7,0,4,0.88,0.21,0,0,8,1,0,29,False,True,1,0,0,0,0,3.85,AI désactivée,AI désactivée,UNAVAILABLE_SENSOR_DATA,UNAVAILABLE_SENSOR_DATA,Non appairé,AI désactivée,0,0,0
280,32.7,0,4,0.88,0.21,0,0,8,1,0,29,False,True,1,0,0,0,0,3.85,AI désactivée,AI désactivée,UNAVAILABLE_SENSOR_DATA,UNAVAILABLE_SENSOR_DATA,Non appairé,AI désactivée,0,0,0
290,33.1,0,4,0.88,0.21,0,0,8,1,0,29,False,True,1,0,0,0,0,3.85,AI désactivée,AI désactivée,UNAVAILABLE_SENSOR_DATA,UNAVAILABLE_SENSOR_DATA,Non appairé,AI désactivée,0,0,0
300,35.1,0,4,0.92,0.21,0,0,7,1,0,29,False,True,1,0,0,0,0,3.85,AI désactivée,AI désactivée,UNAVAILABLE_SENSOR_DATA,UNAVAILABLE_SENSOR_DATA,Non appairé,AI désactivée,0,0,0
310,33.3,0,4,0.89,0.21,0,0,7,1,0,29,False,True,1,0,0,0,0,3.85,AI désactivée,AI désactivée,UNAVAILABLE_SENSOR_DATA,UNAVAILABLE_SENSOR_DATA,Non appairé,AI désactivée,0,0,0
320,32.5,0,4,0.87,0.21,0,0,7,1,0,29,False,True,1,0,0,0,0,3.85,AI désactivée,AI désactivée,UNAVAILABLE_SENSOR_DATA,UNAVAILABLE_SENSOR_DATA,Non appairé,AI désactivée,0,0,0
330,32.7,0,4,0.88,0.21,0,0,7,1,0,29,False,True,1,0,0,0,0,3.85,AI désactivée,AI désactivée,UNAVAILABLE_SENSOR_DATA,UNAVAILABLE_SENSOR_DATA,Non appairé,AI désactivée,0,0,0
340,32.4,0,4,0.87,0.21,0,0,7,1,0,29,False,True,1,0,0,0,0,3.85,AI désactivée,AI désactivée,UNAVAILABLE_SENSOR_DATA,UNAVAILABLE_SENSOR_DATA,Non appairé,AI désactivée,0,0,0
350,32.1,0,4,0.86,0.21,0,0,7,1,0,29,False,True,1,0,0,0,0,3.85,AI désactivée,AI désactivée,UNAVAILABLE_SENSOR_DATA,UNAVAILABLE_SENSOR_DATA,Non appairé,AI désactivée,0,0,0
360,31.9,0,4,0.86,0.21,0,0,7,1,0,29,False,True,1,0,0,0,0,3.85,AI désactivée,AI désactivée,UNAVAILABLE_SENSOR_DATA,UNAVAILABLE_SENSOR_DATA,Non appairé,AI désactivée,0,0,0
370,31.9,0,4,0.86,0.21,0,0,7,1,0,29,False,True,1,0,0,0,0,3.85,AI désactivée,AI désactivée,UNAVAILABLE_SENSOR_DATA,UNAVAILABLE_SENSOR_DATA,Non appairé,AI désactivée,0,0,0
380,32,0,4,0.86,0.21,0,0,7,1,0,29,False,True,1,0,0,0,0,3.85,AI désactivée,AI désactivée,UNAVAILABLE_SENSOR_DATA,UNAVAILABLE_SENSOR_DATA,Non appairé,AI désactivée,0,0,0
390,32,0,4,0.86,0.21,0,0,7,1,0,29,False,True,1,0,0,0,0,3.85,AI désactivée,AI désactivée,UNAVAILABLE_SENSOR_DATA,UNAVAILABLE_SENSOR_DATA,Non appairé,AI désactivée,0,0,0
400,31.8,0,4,0.86,0.21,0,0,6,1,0,29,False,True,1,0,0,0,0,3.85,AI désactivée,AI désactivée,UNAVAILABLE_SENSOR_DATA,UNAVAILABLE_SENSOR_DATA,Non appairé,AI désactivée,0,0,0
410,31.7,0,4,0.86,0.21,0,0,6,1,0,29,False,True,1,0,0,0,0,3.85,AI désactivée,AI désactivée,UNAVAILABLE_SENSOR_DATA,UNAVAILABLE_SENSOR_DATA,Non appairé,AI désactivée,0,0,0
420,31.8,0,4,0.86,0.21,0,0,6,1,0,29,False,True,1,0,0,0,0,3.85,AI désactivée,AI désactivée,UNAVAILABLE_SENSOR_DATA,UNAVAILABLE_SENSOR_DATA,Non appairé,AI désactivée,0,0,0
430,31.9,0,4,0.86,0.21,0,0,6,1,0,29,False,True,1,0,0,0,0,3.85,AI désactivée,AI désactivée,UNAVAILABLE_SENSOR_DATA,UNAVAILABLE_SENSOR_DATA,Non appairé,AI désactivée,0,0,0
440,31.6,0,4,0.85,0.21,0,0,6,1,0,29,False,True,1,0,0,0,0,3.85,AI désactivée,AI désactivée,UNAVAILABLE_SENSOR_DATA,UNAVAILABLE_SENSOR_DATA,Non appairé,AI désactivée,0,0,0
450,31.6,0,4,0.85,0.21,0,0,6,1,0,29,False,True,1,0,0,0,0,3.85,AI désactivée,AI désactivée,UNAVAILABLE_SENSOR_DATA,UNAVAILABLE_SENSOR_DATA,Non appairé,AI désactivée,0,0,0
460,31.7,0,4,0.86,0.21,0,0,6,1,0,29,False,True,1,0,0,0,0,3.85,AI désactivée,AI désactivée,UNAVAILABLE_SENSOR_DATA,UNAVAILABLE_SENSOR_DATA,Non appairé,AI désactivée,0,0,0
470,31.5,0,4,0.85,0.21,0,0,5,1,0,29,False,True,1,0,0,0,0,3.85,AI désactivée,AI désactivée,UNAVAILABLE_SENSOR_DATA,UNAVAILABLE_SENSOR_DATA,Non appairé,AI désactivée,0,0,0
480,31.3,0,4,0.85,0.21,0,0,5,1,0,29,False,True,1,0,0,0,0,3.85,AI désactivée,AI désactivée,UNAVAILABLE_SENSOR_DATA,UNAVAILABLE_SENSOR_DATA,Non appairé,AI désactivée,0,0,0
490,32,0,4,0.86,0.21,0,0,5,1,0,30,False,True,1,0,0,0,0,3.85,AI désactivée,AI désactivée,UNAVAILABLE_SENSOR_DATA,UNAVAILABLE_SENSOR_DATA,Non appairé,AI désactivée,0,0,0
500,31.2,0,4,0.85,0.21,0,0,5,1,0,30,False,True,1,0,0,0,0,3.85,AI désactivée,AI désactivée,UNAVAILABLE_SENSOR_DATA,UNAVAILABLE_SENSOR_DATA,Non appairé,AI désactivée,0,0,0
510,29.1,0,3,0.81,0.21,0,0,5,1,0,30,False,True,1,0,0,0,0,3.85,AI désactivée,AI désactivée,UNAVAILABLE_SENSOR_DATA,UNAVAILABLE_SENSOR_DATA,Non appairé,AI désactivée,0,0,0
520,24.4,0,3,0.71,0.21,0,0,5,1,0,30,False,True,1,0,0,0,0,3.85,AI désactivée,AI désactivée,UNAVAILABLE_SENSOR_DATA,UNAVAILABLE_SENSOR_DATA,Non appairé,AI désactivée,0,0,0
530,25,0,3,0.72,0.21,0,0,11,1,0,30,False,True,1,0,0,0,0,3.85,AI désactivée,AI désactivée,UNAVAILABLE_SENSOR_DATA,UNAVAILABLE_SENSOR_DATA,Non appairé,AI désactivée,0,0,0
540,26.6,0,3,0.75,0.21,0,0,8,1,0,30,False,True,1,0,0,0,0,3.85,AI désactivée,AI désactivée,UNAVAILABLE_SENSOR_DATA,UNAVAILABLE_SENSOR_DATA,Non appairé,AI désactivée,0,0,0
550,28.9,0,3,0.79,0.21,0,0,6,1,0,30,False,True,1,0,0,0,0,3.85,AI désactivée,AI désactivée,UNAVAILABLE_SENSOR_DATA,UNAVAILABLE_SENSOR_DATA,Non appairé,AI désactivée,0,0,0
560,30.8,0,4,0.84,0.21,0,0,4,1,0,30,False,True,1,0,0,0,0,3.85,AI désactivée,AI désactivée,UNAVAILABLE_SENSOR_DATA,UNAVAILABLE_SENSOR_DATA,Non appairé,AI désactivée,0,0,0
570,31.7,0,4,0.85,0.21,0,0,4,1,0,30,False,True,1,0,0,0,0,3.85,AI désactivée,AI désactivée,UNAVAILABLE_SENSOR_DATA,UNAVAILABLE_SENSOR_DATA,Non appairé,AI désactivée,0,0,0
580,31.5,0,4,0.85,0.21,0,0,4,1,0,30,False,True,1,0,0,0,0,3.85,AI désactivée,AI désactivée,UNAVAILABLE_SENSOR_DATA,UNAVAILABLE_SENSOR_DATA,Non appairé,AI désactivée,0,0,0
590,31.6,0,4,0.85,0.21,0,0,4,1,0,30,False,True,1,0,0,0,0,3.85,AI désactivée,AI désactivée,UNAVAILABLE_SENSOR_DATA,UNAVAILABLE_SENSOR_DATA,Non appairé,AI désactivée,0,0,0
600,31.6,0,4,0.85,0.21,0,0,3,1,0,30,False,True,1,0,0,0,0,3.85,AI désactivée,AI désactivée,UNAVAILABLE_SENSOR_DATA,UNAVAILABLE_SENSOR_DATA,Non appairé,AI désactivée,0,0,0
610,31.6,0,4,0.85,0.21,0,0,3,1,0,30,False,True,1,0,0,0,0,3.85,AI désactivée,AI désactivée,UNAVAILABLE_SENSOR_DATA,UNAVAILABLE_SENSOR_DATA,Non appairé,AI désactivée,0,0,0
620,28.3,0,3,0.79,0.21,0,0,4,1,0,30,False,True,1,0,0,0,0,3.85,AI désactivée,AI désactivée,UNAVAILABLE_SENSOR_DATA,UNAVAILABLE_SENSOR_DATA,Non appairé,AI désactivée,0,0,0
630,25.8,0,3,0.74,0.21,0,0,4,1,0,30,False,True,1,0,0,0,0,3.85,AI désactivée,AI désactivée,UNAVAILABLE_SENSOR_DATA,UNAVAILABLE_SENSOR_DATA,Non appairé,AI désactivée,0,0,0
640,24.9,0,3,0.72,0.21,0,0,7,1,0,30,False,True,1,0,0,0,0,3.85,AI désactivée,AI désactivée,UNAVAILABLE_SENSOR_DATA,UNAVAILABLE_SENSOR_DATA,Non appairé,AI désactivée,0,0,0
650,23.3,0,3,0.68,0.21,0,0,9,1,0,30,False,True,1,0,0,0,0,3.84,AI désactivée,AI désactivée,UNAVAILABLE_SENSOR_DATA,UNAVAILABLE_SENSOR_DATA,Non appairé,AI désactivée,0,0,0
660,21.2,0,3,0.64,0.21,0,0,11,1,0,30,False,True,1,0,0,0,0,3.84,AI désactivée,AI désactivée,UNAVAILABLE_SENSOR_DATA,UNAVAILABLE_SENSOR_DATA,Non appairé,AI désactivée,0,0,0
670,19.3,0,2,0.6,0.21,0,0,16,1,0,30,False,True,1,0,0,0,0,3.84,AI désactivée,AI désactivée,UNAVAILABLE_SENSOR_DATA,UNAVAILABLE_SENSOR_DATA,Non appairé,AI désactivée,0,0,0
680,17.2,0,2,0.56,0.21,0,0,21,1,0,30,False,True,1,0,0,0,0,3.84,AI désactivée,AI désactivée,UNAVAILABLE_SENSOR_DATA,UNAVAILABLE_SENSOR_DATA,Non appairé,AI désactivée,0,0,0
690,19,0,2,0.6,0.21,0,0,27,1,0,30,False,True,1,0,0,0,0,3.84,AI désactivée,AI désactivée,UNAVAILABLE_SENSOR_DATA,UNAVAILABLE_SENSOR_DATA,Non appairé,AI désactivée,0,0,0
700,22.4,0,2,0.67,0.21,0,0,18,1,0,30,False,True,1,0,0,0,0,3.84,AI désactivée,AI désactivée,UNAVAILABLE_SENSOR_DATA,UNAVAILABLE_SENSOR_DATA,Non appairé,AI désactivée,0,0,0
710,27.5,0,3,0.77,0.21,0,0,5,1,0,30,False,True,1,0,0,0,0,3.84,AI désactivée,AI désactivée,UNAVAILABLE_SENSOR_DATA,UNAVAILABLE_SENSOR_DATA,Non appairé,AI désactivée,0,0,0
720,31,0,3,0.84,0.21,0,0,5,1,0,30,False,True,1,0,0,0,0,3.84,AI désactivée,AI désactivée,UNAVAILABLE_SENSOR_DATA,UNAVAILABLE_SENSOR_DATA,Non appairé,AI désactivée,0,0,0
730,31.5,0,4,0.85,0.21,0,0,2,1,0,30,False,True,1,0,0,0,0,3.84,AI désactivée,AI désactivée,UNAVAILABLE_SENSOR_DATA,UNAVAILABLE_SENSOR_DATA,Non appairé,AI désactivée,0,0,0
740,31.4,0,4,0.85,0.21,0,0,2,1,0,30,False,True,1,0,0,0,0,3.84,AI désactivée,AI désactivée,UNAVAILABLE_SENSOR_DATA,UNAVAILABLE_SENSOR_DATA,Non appairé,AI désactivée,0,0,0
750,31,0,4,0.84,0.21,0,0,2,1,0,30,False,True,1,0,0,0,0,3.84,AI désactivée,AI désactivée,UNAVAILABLE_SENSOR_DATA,UNAVAILABLE_SENSOR_DATA,Non appairé,AI désactivée,0,0,0
760,31,0,4,0.84,0.21,0,0,2,1,0,30,False,True,1,0,0,0,0,3.84,AI désactivée,AI désactivée,UNAVAILABLE_SENSOR_DATA,UNAVAILABLE_SENSOR_DATA,Non appairé,AI désactivée,0,0,0
770,31.8,0,4,0.86,0.21,0,0,2,1,0,30,False,True,1,0,0,0,0,3.84,AI désactivée,AI désactivée,UNAVAILABLE_SENSOR_DATA,UNAVAILABLE_SENSOR_DATA,Non appairé,AI désactivée,0,0,0
780,31.1,0,4,0.85,0.21,0,0,1,1,0,30,False,True,1,0,0,0,0,3.84,AI désactivée,AI désactivée,UNAVAILABLE_SENSOR_DATA,UNAVAILABLE_SENSOR_DATA,Non appairé,AI désactivée,0,0,0
790,31.1,0,4,0.84,0.21,0,0,2,1,0,30,False,True,1,0,0,0,0,3.84,AI désactivée,AI désactivée,UNAVAILABLE_SENSOR_DATA,UNAVAILABLE_SENSOR_DATA,Non appairé,AI désactivée,0,0,0
800,31.1,0,4,0.84,0.21,0,0,1,1,0,30,False,True,1,0,0,0,0,3.84,AI désactivée,AI désactivée,UNAVAILABLE_SENSOR_DATA,UNAVAILABLE_SENSOR_DATA,Non appairé,AI désactivée,0,0,0
810,31.3,0,4,0.85,0.21,0,0,1,1,0,30,False,True,1,0,0,0,0,3.84,AI désactivée,AI désactivée,UNAVAILABLE_SENSOR_DATA,UNAVAILABLE_SENSOR_DATA,Non appairé,AI désactivée,0,0,0
820,30.3,0,3,0.83,0.21,0,0,1,1,0,30,False,True,1,0,0,0,0,3.84,AI désactivée,AI désactivée,UNAVAILABLE_SENSOR_DATA,UNAVAILABLE_SENSOR_DATA,Non appairé,AI désactivée,0,0,0
830,27.1,0,3,0.77,0.21,0,0,1,1,0,30,False,True,1,0,0,0,0,3.84,AI désactivée,AI désactivée,UNAVAILABLE_SENSOR_DATA,UNAVAILABLE_SENSOR_DATA,Non appairé,AI désactivée,0,0,0
840,22.7,0,3,0.67,0.21,0,0,5,1,0,30,False,True,1,0,0,0,0,3.84,AI désactivée,AI désactivée,UNAVAILABLE_SENSOR_DATA,UNAVAILABLE_SENSOR_DATA,Non appairé,AI désactivée,0,0,0
850,23.9,0,3,0.69,0.21,0,0,5,1,0,30,False,True,1,0,0,0,0,3.84,AI désactivée,AI désactivée,UNAVAILABLE_SENSOR_DATA,UNAVAILABLE_SENSOR_DATA,Non appairé,AI désactivée,0,0,0
860,25.2,0,3,0.72,0.21,0,0,3,1,0,30,False,True,1,0,0,0,0,3.84,AI désactivée,AI désactivée,UNAVAILABLE_SENSOR_DATA,UNAVAILABLE_SENSOR_DATA,Non appairé,AI désactivée,0,0,0
870,26.5,0,3,0.75,0.21,0,0,2,1,0,30,False,True,1,0,0,0,0,3.84,AI désactivée,AI désactivée,UNAVAILABLE_SENSOR_DATA,UNAVAILABLE_SENSOR_DATA,Non appairé,AI désactivée,0,0,0
880,26.7,0,3,0.75,0.21,0,0,1,1,0,30,False,True,1,0,0,0,0,3.84,AI désactivée,AI désactivée,UNAVAILABLE_SENSOR_DATA,UNAVAILABLE_SENSOR_DATA,Non appairé,AI désactivée,0,0,0
890,29.3,0,3,0.8,0.21,0,0,1,1,0,30,False,True,1,0,0,0,0,3.84,AI désactivée,AI désactivée,UNAVAILABLE_SENSOR_DATA,UNAVAILABLE_SENSOR_DATA,Non appairé,AI désactivée,0,0,0
900,31.8,0,3,0.86,0.21,0,0,0,1,0,30,False,True,1,0,0,0,0,3.84,AI désactivée,AI désactivée,UNAVAILABLE_SENSOR_DATA,UNAVAILABLE_SENSOR_DATA,Non appairé,AI désactivée,0,0,0
910,31.8,0,4,0.86,0.21,0,0,0,1,0,30,False,True,1,0,0,0,0,3.84,AI désactivée,AI désactivée,UNAVAILABLE_SENSOR_DATA,UNAVAILABLE_SENSOR_DATA,Non appairé,AI désactivée,0,0,0
920,31.6,0,4,0.85,0.21,0,0,0,1,0,30,False,True,1,0,0,0,0,3.84,AI désactivée,AI désactivée,UNAVAILABLE_SENSOR_DATA,UNAVAILABLE_SENSOR_DATA,Non appairé,AI désactivée,0,0,0
930,31.6,3,5,0.85,0.21,0,1,0,1,0,30,False,True,1,0,0,0,0,3.84,AI désactivée,AI désactivée,UNAVAILABLE_SENSOR_DATA,UNAVAILABLE_SENSOR_DATA,Non appairé,AI désactivée,0,0,0
940,31.8,3,5,0.86,0.21,0,1,0,1,0,30,False,True,1,0,0,0,0,3.84,AI désactivée,AI désactivée,UNAVAILABLE_SENSOR_DATA,UNAVAILABLE_SENSOR_DATA,Non appairé,AI désactivée,0,0,0
950,31.5,3,5,0.85,0.21,0,1,0,1,0,30,False,True,1,0,0,0,0,3.84,AI désactivée,AI désactivée,UNAVAILABLE_SENSOR_DATA,UNAVAILABLE_SENSOR_DATA,Non appairé,AI désactivée,0,0,0
960,31.1,3,5,0.84,0.21,0,1,0,1,0,30,False,True,1,0,0,0,0,3.84,AI désactivée,AI désactivée,UNAVAILABLE_SENSOR_DATA,UNAVAILABLE_SENSOR_DATA,Non appairé,AI désactivée,0,0,0
970,31.5,3,5,0.85,0.21,0,1,0,1,0,30,False,True,1,0,0,0,0,3.84,AI désactivée,AI désactivée,UNAVAILABLE_SENSOR_DATA,UNAVAILABLE_SENSOR_DATA,Non appairé,AI désactivée,0,0,0
980,30.8,3,5,0.84,0.21,0,1,0,1,0,30,False,True,1,0,0,0,0,3.84,AI désactivée,AI désactivée,UNAVAILABLE_SENSOR_DATA,UNAVAILABLE_SENSOR_DATA,Non appairé,AI désactivée,0,0,0
990,28.7,3,5,0.79,0.21,0,1,0,1,0,30,False,True,1,0,0,0,0,3.84,AI désactivée,AI désactivée,UNAVAILABLE_SENSOR_DATA,UNAVAILABLE_SENSOR_DATA,Non appairé,AI désactivée,0,0,0
1000,27.2,3,4,0.76,0.21,0,1,0,1,0,30,False,True,1,0,0,0,0,3.84,AI désactivée,AI désactivée,UNAVAILABLE_SENSOR_DATA,UNAVAILABLE_SENSOR_DATA,Non appairé,AI désactivée,0,0,0
1010,25.3,3,4,0.73,0.21,0,1,0,1,0,30,False,True,1,0,0,0,0,3.84,AI désactivée,AI désactivée,UNAVAILABLE_SENSOR_DATA,UNAVAILABLE_SENSOR_DATA,Non appairé,AI désactivée,0,0,0
1020,22.6,3,4,0.67,0.21,0,1,0,1,0,30,False,True,1,0,0,0,0,3.84,AI désactivée,AI désactivée,UNAVAILABLE_SENSOR_DATA,UNAVAILABLE_SENSOR_DATA,Non appairé,AI désactivée,0,0,0
1030,19.6,3,4,0.61,0.21,0,1,0,1,0,30,False,True,1,0,0,0,0,3.84,AI désactivée,AI désactivée,UNAVAILABLE_SENSOR_DATA,UNAVAILABLE_SENSOR_DATA,Non appairé,AI désactivée,0,0,0
1040,17,3,3,0.56,0.21,0,1,0,1,0,30,False,True,1,0,0,0,0,3.84,AI désactivée,AI désactivée,UNAVAILABLE_SENSOR_DATA,UNAVAILABLE_SENSOR_DATA,Non appairé,AI désactivée,0,0,0
1050,13.9,3,3,0.5,0.21,0,1,0,1,0,30,False,True,1,0,0,0,0,3.84,AI désactivée,AI désactivée,UNAVAILABLE_SENSOR_DATA,UNAVAILABLE_SENSOR_DATA,Non appairé,AI désactivée,0,0,0
1060,12.3,3,3,0.46,0.21,0,1,0,1,0,30,False,True,1,0,0,0,0,3.84,AI désactivée,AI désactivée,UNAVAILABLE_SENSOR_DATA,UNAVAILABLE_SENSOR_DATA,Non appairé,AI désactivée,0,0,0
1070,11,3,3,0.43,0.21,0,1,0,1,0,30,False,True,1,0,0,0,0,3.84,AI désactivée,AI désactivée,UNAVAILABLE_SENSOR_DATA,UNAVAILABLE_SENSOR_DATA,Non appairé,AI désactivée,0,0,0
1080,8.7,3,3,0.39,0.21,0,1,0,1,0,30,False,True,1,0,0,0,0,3.84,AI désactivée,AI désactivée,UNAVAILABLE_SENSOR_DATA,UNAVAILABLE_SENSOR_DATA,Non appairé,AI désactivée,0,0,0
1090,7.1,3,2,0.35,0.21,0,1,0,1,0,30,False,True,1,0,0,0,0,3.84,AI désactivée,AI désactivée,UNAVAILABLE_SENSOR_DATA,UNAVAILABLE_SENSOR_DATA,Non appairé,AI désactivée,0,0,0
1100,7.6,3,2,0.36,0.21,0,1,0,1,0,31,False,True,1,0,0,0,0,3.84,AI désactivée,AI désactivée,UNAVAILABLE_SENSOR_DATA,UNAVAILABLE_SENSOR_DATA,Non appairé,AI désactivée,0,0,0
1110,7.9,3,2,0.37,0.21,0,1,0,1,0,31,False,True,1,0,0,0,0,3.84,AI désactivée,AI désactivée,UNAVAILABLE_SENSOR_DATA,UNAVAILABLE_SENSOR_DATA,Non appairé,AI désactivée,0,0,0
1120,7.8,3,2,0.37,0.21,0,1,0,1,0,31,False,True,1,0,0,0,0,3.84,AI désactivée,AI désactivée,UNAVAILABLE_SENSOR_DATA,UNAVAILABLE_SENSOR_DATA,Non appairé,AI désactivée,0,0,0
1130,7.8,0,1,0.37,0.21,0,0,99,1,0,30,False,True,1,0,0,0,0,3.84,AI désactivée,AI désactivée,UNAVAILABLE_SENSOR_DATA,UNAVAILABLE_SENSOR_DATA,Non appairé,AI désactivée,0,0,0
1140,7.2,0,1,0.36,0.21,0,0,99,1,0,30,False,True,1,0,0,0,0,3.84,AI désactivée,AI désactivée,UNAVAILABLE_SENSOR_DATA,UNAVAILABLE_SENSOR_DATA,Non appairé,AI désactivée,0,0,0
1150,6.9,0,1,0.35,0.21,0,0,99,1,0,31,False,True,1,0,0,0,0,3.84,AI désactivée,AI désactivée,UNAVAILABLE_SENSOR_DATA,UNAVAILABLE_SENSOR_DATA,Non appairé,AI désactivée,0,0,0
1160,8.2,0,1,0.38,0.21,0,0,99,1,0,31,False,True,1,0,0,0,0,3.84,AI désactivée,AI désactivée,UNAVAILABLE_SENSOR_DATA,UNAVAILABLE_SENSOR_DATA,Non appairé,AI désactivée,0,0,0
1170,12.2,0,1,0.45,0.21,0,0,99,1,0,30,False,True,1,0,0,0,0,3.84,AI désactivée,AI désactivée,UNAVAILABLE_SENSOR_DATA,UNAVAILABLE_SENSOR_DATA,Non appairé,AI désactivée,0,0,0
1180,14.3,0,2,0.5,0.21,0,0,35,1,0,30,False,True,1,0,0,0,0,3.84,AI désactivée,AI désactivée,UNAVAILABLE_SENSOR_DATA,UNAVAILABLE_SENSOR_DATA,Non appairé,AI désactivée,0,0,0
1190,15.4,0,2,0.52,0.21,0,0,29,1,0,30,False,True,1,0,0,0,0,3.84,AI désactivée,AI désactivée,UNAVAILABLE_SENSOR_DATA,UNAVAILABLE_SENSOR_DATA,Non appairé,AI désactivée,0,0,0
1200,19.3,0,2,0.6,0.21,0,0,12,1,0,30,False,True,1,0,0,0,0,3.84,AI désactivée,AI désactivée,UNAVAILABLE_SENSOR_DATA,UNAVAILABLE_SENSOR_DATA,Non appairé,AI désactivée,0,0,0
1210,24.8,0,2,0.72,0.21,0,0,5,1,0,30,False,True,1,0,0,0,0,3.84,AI désactivée,AI désactivée,UNAVAILABLE_SENSOR_DATA,UNAVAILABLE_SENSOR_DATA,Non appairé,AI désactivée,0,0,0
1220,29,0,3,0.8,0.21,0,0,0,1,0,30,False,True,1,0,0,0,0,3.84,AI désactivée,AI désactivée,UNAVAILABLE_SENSOR_DATA,UNAVAILABLE_SENSOR_DATA,Non appairé,AI désactivée,0,0,0
1230,31.6,0,3,0.85,0.21,0,0,0,1,0,30,False,True,1,0,0,0,0,3.84,AI désactivée,AI désactivée,UNAVAILABLE_SENSOR_DATA,UNAVAILABLE_SENSOR_DATA,Non appairé,AI désactivée,0,0,0
1240,32,0,4,0.86,0.21,0,0,0,1,0,30,False,True,1,0,0,0,0,3.84,AI désactivée,AI désactivée,UNAVAILABLE_SENSOR_DATA,UNAVAILABLE_SENSOR_DATA,Non appairé,AI désactivée,0,0,0
1250,32,3,5,0.86,0.21,0,1,0,1,0,30,False,True,1,0,0,0,0,3.84,AI désactivée,AI désactivée,UNAVAILABLE_SENSOR_DATA,UNAVAILABLE_SENSOR_DATA,Non appairé,AI désactivée,0,0,0
1260,31.6,3,5,0.85,0.21,0,1,0,1,0,30,False,True,1,0,0,0,0,3.84,AI désactivée,AI désactivée,UNAVAILABLE_SENSOR_DATA,UNAVAILABLE_SENSOR_DATA,Non appairé,AI désactivée,0,0,0
1270,30.1,3,5,0.82,0.21,0,1,0,1,0,30,False,True,1,0,0,0,0,3.84,AI désactivée,AI désactivée,UNAVAILABLE_SENSOR_DATA,UNAVAILABLE_SENSOR_DATA,Non appairé,AI désactivée,0,0,0
1280,28.1,3,5,0.78,0.21,0,1,0,1,0,30,False,True,1,0,0,0,0,3.84,AI désactivée,AI désactivée,UNAVAILABLE_SENSOR_DATA,UNAVAILABLE_SENSOR_DATA,Non appairé,AI désactivée,0,0,0
1290,26.5,3,4,0.75,0.21,0,1,0,1,0,30,False,True,1,0,0,0,0,3.84,AI désactivée,AI désactivée,UNAVAILABLE_SENSOR_DATA,UNAVAILABLE_SENSOR_DATA,Non appairé,AI désactivée,0,0,0
1300,23.6,3,4,0.69,0.21,0,1,0,1,0,30,False,True,1,0,0,0,0,3.84,AI désactivée,AI désactivée,UNAVAILABLE_SENSOR_DATA,UNAVAILABLE_SENSOR_DATA,Non appairé,AI désactivée,0,0,0
1310,21.6,3,4,0.65,0.21,0,1,0,1,0,30,False,True,1,0,0,0,0,3.84,AI désactivée,AI désactivée,UNAVAILABLE_SENSOR_DATA,UNAVAILABLE_SENSOR_DATA,Non appairé,AI désactivée,0,0,0
1320,18.8,3,4,0.6,0.21,0,1,0,1,0,30,False,True,1,0,0,0,0,3.84,AI désactivée,AI désactivée,UNAVAILABLE_SENSOR_DATA,UNAVAILABLE_SENSOR_DATA,Non appairé,AI désactivée,0,0,0
1330,16.4,3,3,0.54,0.21,0,1,0,1,0,30,False,True,1,0,0,0,0,3.84,AI désactivée,AI désactivée,UNAVAILABLE_SENSOR_DATA,UNAVAILABLE_SENSOR_DATA,Non appairé,AI désactivée,0,0,0
1340,13.6,3,3,0.49,0.21,0,1,0,1,0,31,False,True,1,0,0,0,0,3.84,AI désactivée,AI désactivée,UNAVAILABLE_SENSOR_DATA,UNAVAILABLE_SENSOR_DATA,Non appairé,AI désactivée,0,0,0
1350,10,3,3,0.42,0.21,0,1,0,1,0,31,False,True,1,0,0,0,0,3.84,AI désactivée,AI désactivée,UNAVAILABLE_SENSOR_DATA,UNAVAILABLE_SENSOR_DATA,Non appairé,AI désactivée,0,0,0
1360,8.1,3,2,0.38,0.21,0,1,0,1,0,31,False,True,1,0,0,0,0,3.84,AI désactivée,AI désactivée,UNAVAILABLE_SENSOR_DATA,UNAVAILABLE_SENSOR_DATA,Non appairé,AI désactivée,0,0,0
1370,7.5,3,2,0.36,0.21,0,1,0,1,0,31,False,True,1,0,0,0,0,3.84,AI désactivée,AI désactivée,UNAVAILABLE_SENSOR_DATA,UNAVAILABLE_SENSOR_DATA,Non appairé,AI désactivée,0,0,0
1380,7.4,3,2,0.36,0.21,0,1,0,1,0,31,False,True,1,0,0,0,0,3.84,AI désactivée,AI désactivée,UNAVAILABLE_SENSOR_DATA,UNAVAILABLE_SENSOR_DATA,Non appairé,AI désactivée,0,0,0
1390,6.9,3,2,0.35,0.21,0,1,0,1,0,31,False,True,1,0,0,0,0,3.84,AI désactivée,AI désactivée,UNAVAILABLE_SENSOR_DATA,UNAVAILABLE_SENSOR_DATA,Non appairé,AI désactivée,0,0,0
1400,6.8,3,2,0.35,0.21,0,1,0,1,0,31,False,True,1,0,0,0,0,3.84,AI désactivée,AI désactivée,UNAVAILABLE_SENSOR_DATA,UNAVAILABLE_SENSOR_DATA,Non appairé,AI désactivée,0,0,0
1410,7.2,0,1,0.36,0.21,0,0,99,1,0,31,False,True,1,0,0,0,0,3.84,AI désactivée,AI désactivée,UNAVAILABLE_SENSOR_DATA,UNAVAILABLE_SENSOR_DATA,Non appairé,AI désactivée,0,0,0
1420,7.1,0,1,0.36,0.21,0,0,99,1,0,31,False,True,1,0,0,0,0,3.84,AI désactivée,AI désactivée,UNAVAILABLE_SENSOR_DATA,UNAVAILABLE_SENSOR_DATA,Non appairé,AI désactivée,0,0,0
1430,6.5,0,1,0.34,0.21,0,0,99,1,0,31,False,True,1,0,0,0,0,3.84,AI désactivée,AI désactivée,UNAVAILABLE_SENSOR_DATA,UNAVAILABLE_SENSOR_DATA,Non appairé,AI désactivée,0,0,0
1440,7.6,0,1,0.37,0.21,0,0,99,1,0,31,False,True,1,0,0,0,0,3.84,AI désactivée,AI désactivée,UNAVAILABLE_SENSOR_DATA,UNAVAILABLE_SENSOR_DATA,Non appairé,AI désactivée,0,0,0
1450,8.7,0,1,0.39,0.21,0,0,99,1,0,31,False,True,1,0,0,0,0,3.84,AI désactivée,AI désactivée,UNAVAILABLE_SENSOR_DATA,UNAVAILABLE_SENSOR_DATA,Non appairé,AI désactivée,0,0,0
1460,8.900001,0,1,0.39,0.21,0,0,99,1,0,31,False,True,1,0,0,0,0,3.84,AI désactivée,AI désactivée,UNAVAILABLE_SENSOR_DATA,UNAVAILABLE_SENSOR_DATA,Non appairé,AI désactivée,0,0,0
1470,8.900001,0,1,0.39,0.21,0,0,99,1,0,31,False,True,1,0,0,0,0,3.84,AI désactivée,AI désactivée,UNAVAILABLE_SENSOR_DATA,UNAVAILABLE_SENSOR_DATA,Non appairé,AI désactivée,0,0,0
1480,9.5,0,1,0.4,0.21,0,0,99,1,0,31,False,True,1,0,0,0,0,3.84,AI désactivée,AI désactivée,UNAVAILABLE_SENSOR_DATA,UNAVAILABLE_SENSOR_DATA,Non appairé,AI désactivée,0,0,0
1490,10.1,0,1,0.42,0.21,0,0,99,1,0,31,False,True,1,0,0,0,0,3.84,AI désactivée,AI désactivée,UNAVAILABLE_SENSOR_DATA,UNAVAILABLE_SENSOR_DATA,Non appairé,AI désactivée,0,0,0
1500,10.1,0,1,0.42,0.21,0,0,99,1,0,31,False,True,1,0,0,0,0,3.84,AI désactivée,AI désactivée,UNAVAILABLE_SENSOR_DATA,UNAVAILABLE_SENSOR_DATA,Non appairé,AI désactivée,0,0,0
1510,9.5,0,1,0.41,0.21,0,0,99,1,0,31,False,True,1,0,0,0,0,3.84,AI désactivée,AI désactivée,UNAVAILABLE_SENSOR_DATA,UNAVAILABLE_SENSOR_DATA,Non appairé,AI désactivée,0,0,0
1520,8.8,0,1,0.39,0.21,0,0,99,1,0,31,False,True,1,0,0,0,0,3.84,AI désactivée,AI désactivée,UNAVAILABLE_SENSOR_DATA,UNAVAILABLE_SENSOR_DATA,Non appairé,AI désactivée,0,0,0
1530,8.7,0,1,0.39,0.21,0,0,99,1,0,31,False,True,1,0,0,0,0,3.84,AI désactivée,AI désactivée,UNAVAILABLE_SENSOR_DATA,UNAVAILABLE_SENSOR_DATA,Non appairé,AI désactivée,0,0,0
1540,8.6,0,1,0.39,0.21,0,0,99,1,0,31,False,True,1,0,0,0,0,3.84,AI désactivée,AI désactivée,UNAVAILABLE_SENSOR_DATA,UNAVAILABLE_SENSOR_DATA,Non appairé,AI désactivée,0,0,0
1550,8.7,0,1,0.39,0.21,0,0,99,1,0,31,False,True,1,0,0,0,0,3.84,AI désactivée,AI désactivée,UNAVAILABLE_SENSOR_DATA,UNAVAILABLE_SENSOR_DATA,Non appairé,AI désactivée,0,0,0
1560,9,0,1,0.4,0.21,0,0,99,1,0,31,False,True,1,0,0,0,0,3.84,AI désactivée,AI désactivée,UNAVAILABLE_SENSOR_DATA,UNAVAILABLE_SENSOR_DATA,Non appairé,AI désactivée,0,0,0
1570,8.900001,0,1,0.4,0.21,0,0,99,1,0,31,False,True,1,0,0,0,0,3.84,AI désactivée,AI désactivée,UNAVAILABLE_SENSOR_DATA,UNAVAILABLE_SENSOR_DATA,Non appairé,AI désactivée,0,0,0
1580,7.3,0,1,0.36,0.21,0,0,99,1,0,31,False,True,1,0,0,0,0,3.84,AI désactivée,AI désactivée,UNAVAILABLE_SENSOR_DATA,UNAVAILABLE_SENSOR_DATA,Non appairé,AI désactivée,0,0,0
1590,7.1,0,1,0.36,0.21,0,0,99,1,0,31,False,True,1,0,0,0,0,3.84,AI désactivée,AI désactivée,UNAVAILABLE_SENSOR_DATA,UNAVAILABLE_SENSOR_DATA,Non appairé,AI désactivée,0,0,0
1600,7,0,1,0.35,0.21,0,0,99,1,0,31,False,True,1,0,0,0,0,3.84,AI désactivée,AI désactivée,UNAVAILABLE_SENSOR_DATA,UNAVAILABLE_SENSOR_DATA,Non appairé,AI désactivée,0,0,0
1610,7,0,1,0.35,0.21,0,0,99,1,0,31,False,True,1,0,0,0,0,3.84,AI désactivée,AI désactivée,UNAVAILABLE_SENSOR_DATA,UNAVAILABLE_SENSOR_DATA,Non appairé,AI désactivée,0,0,0
1620,7,0,1,0.35,0.21,0,0,99,1,0,31,False,True,1,0,0,0,0,3.84,AI désactivée,AI désactivée,UNAVAILABLE_SENSOR_DATA,UNAVAILABLE_SENSOR_DATA,Non appairé,AI désactivée,0,0,0
1630,7,0,1,0.35,0.21,0,0,99,1,0,31,False,True,1,0,0,0,0,3.84,AI désactivée,AI désactivée,UNAVAILABLE_SENSOR_DATA,UNAVAILABLE_SENSOR_DATA,Non appairé,AI désactivée,0,0,0
1640,7,0,1,0.35,0.21,0,0,99,1,0,31,False,True,1,0,0,0,0,3.84,AI désactivée,AI désactivée,UNAVAILABLE_SENSOR_DATA,UNAVAILABLE_SENSOR_DATA,Non appairé,AI désactivée,0,0,0
1650,7,0,1,0.35,0.21,0,0,99,1,0,31,False,True,1,0,0,0,0,3.84,AI désactivée,AI désactivée,UNAVAILABLE_SENSOR_DATA,UNAVAILABLE_SENSOR_DATA,Non appairé,AI désactivée,0,0,0
1660,6.9,0,1,0.35,0.21,0,0,99,1,0,31,False,True,1,0,0,0,0,3.84,AI désactivée,AI désactivée,UNAVAILABLE_SENSOR_DATA,UNAVAILABLE_SENSOR_DATA,Non appairé,AI désactivée,0,0,0
1670,7,0,1,0.35,0.21,0,0,99,1,0,31,False,True,1,0,0,0,0,3.84,AI désactivée,AI désactivée,UNAVAILABLE_SENSOR_DATA,UNAVAILABLE_SENSOR_DATA,Non appairé,AI désactivée,0,0,0
1680,7,0,1,0.35,0.21,0,0,99,1,0,31,False,True,1,0,0,0,0,3.84,AI désactivée,AI désactivée,UNAVAILABLE_SENSOR_DATA,UNAVAILABLE_SENSOR_DATA,Non appairé,AI désactivée,0,0,0
1690,7,0,1,0.35,0.21,0,0,99,1,0,31,False,True,1,0,0,0,0,3.84,AI désactivée,AI désactivée,UNAVAILABLE_SENSOR_DATA,UNAVAILABLE_SENSOR_DATA,Non appairé,AI désactivée,0,0,0
1700,7,0,1,0.35,0.21,0,0,99,1,0,31,False,True,1,0,0,0,0,3.84,AI désactivée,AI désactivée,UNAVAILABLE_SENSOR_DATA,UNAVAILABLE_SENSOR_DATA,Non appairé,AI désactivée,0,0,0
1710,7,0,1,0.35,0.21,0,0,99,1,0,31,False,True,1,0,0,0,0,3.84,AI désactivée,AI désactivée,UNAVAILABLE_SENSOR_DATA,UNAVAILABLE_SENSOR_DATA,Non appairé,AI désactivée,0,0,0
1720,7.2,0,1,0.36,0.21,0,0,99,1,0,31,False,True,1,0,0,0,0,3.84,AI désactivée,AI désactivée,UNAVAILABLE_SENSOR_DATA,UNAVAILABLE_SENSOR_DATA,Non appairé,AI désactivée,0,0,0
1730,7,0,1,0.35,0.21,0,0,99,1,0,31,False,True,1,0,0,0,0,3.84,AI désactivée,AI désactivée,UNAVAILABLE_SENSOR_DATA,UNAVAILABLE_SENSOR_DATA,Non appairé,AI désactivée,0,0,0
1740,6.9,0,1,0.35,0.21,0,0,99,1,0,31,False,True,1,0,0,0,0,3.84,AI désactivée,AI désactivée,UNAVAILABLE_SENSOR_DATA,UNAVAILABLE_SENSOR_DATA,Non appairé,AI désactivée,0,0,0
1750,7,0,1,0.35,0.21,0,0,99,1,0,31,False,True,1,0,0,0,0,3.84,AI désactivée,AI désactivée,UNAVAILABLE_SENSOR_DATA,UNAVAILABLE_SENSOR_DATA,Non appairé,AI désactivée,0,0,0
1760,7,0,1,0.35,0.21,0,0,99,1,0,31,False,True,1,0,0,0,0,3.84,AI désactivée,AI désactivée,UNAVAILABLE_SENSOR_DATA,UNAVAILABLE_SENSOR_DATA,Non appairé,AI désactivée,0,0,0
1770,7.2,0,1,0.36,0.21,0,0,99,1,0,31,False,True,1,0,0,0,0,3.84,AI désactivée,AI désactivée,UNAVAILABLE_SENSOR_DATA,UNAVAILABLE_SENSOR_DATA,Non appairé,AI désactivée,0,0,0
1780,7,0,1,0.35,0.21,0,0,99,1,0,31,False,True,1,0,0,0,0,3.84,AI désactivée,AI désactivée,UNAVAILABLE_SENSOR_DATA,UNAVAILABLE_SENSOR_DATA,Non appairé,AI désactivée,0,0,0
1790,7,0,1,0.35,0.21,0,0,99,1,0,31,False,True,1,0,0,0,0,3.84,AI désactivée,AI désactivée,UNAVAILABLE_SENSOR_DATA,UNAVAILABLE_SENSOR_DATA,Non appairé,AI désactivée,0,0,0
1800,7,0,1,0.35,0.21,0,0,99,1,0,31,False,True,1,0,0,0,0,3.84,AI désactivée,AI désactivée,UNAVAILABLE_SENSOR_DATA,UNAVAILABLE_SENSOR_DATA,Non appairé,AI désactivée,0,0,0
1810,7,0,1,0.35,0.21,0,0,99,1,0,31,False,True,1,0,0,0,0,3.84,AI désactivée,AI désactivée,UNAVAILABLE_SENSOR_DATA,UNAVAILABLE_SENSOR_DATA,Non appairé,AI désactivée,0,0,0
1820,8.5,0,1,0.38,0.21,0,0,99,1,0,31,False,True,1,0,0,0,0,3.84,AI désactivée,AI désactivée,UNAVAILABLE_SENSOR_DATA,UNAVAILABLE_SENSOR_DATA,Non appairé,AI désactivée,0,0,0
1830,9.2,0,1,0.4,0.21,0,0,99,1,0,31,False,True,1,0,0,0,0,3.84,AI désactivée,AI désactivée,UNAVAILABLE_SENSOR_DATA,UNAVAILABLE_SENSOR_DATA,Non appairé,AI désactivée,0,0,0
1840,9.2,0,1,0.4,0.21,0,0,99,1,0,31,False,True,1,0,0,0,0,3.84,AI désactivée,AI désactivée,UNAVAILABLE_SENSOR_DATA,UNAVAILABLE_SENSOR_DATA,Non appairé,AI désactivée,0,0,0
1850,9.3,0,1,0.4,0.21,0,0,99,1,0,31,False,True,1,0,0,0,0,3.84,AI désactivée,AI désactivée,UNAVAILABLE_SENSOR_DATA,UNAVAILABLE_SENSOR_DATA,Non appairé,AI désactivée,0,0,0
1860,9.5,0,1,0.4,0.21,0,0,99,1,0,31,False,True,1,0,0,0,0,3.84,AI désactivée,AI désactivée,UNAVAILABLE_SENSOR_DATA,UNAVAILABLE_SENSOR_DATA,Non appairé,AI désactivée,0,0,0
1870,8.8,0,1,0.39,0.21,0,0,99,1,0,31,False,True,1,0,0,0,0,3.84,AI désactivée,AI désactivée,UNAVAILABLE_SENSOR_DATA,UNAVAILABLE_SENSOR_DATA,Non appairé,AI désactivée,0,0,0
1880,9.900001,0,1,0.41,0.21,0,0,99,1,0,31,False,True,1,0,0,0,0,3.84,AI désactivée,AI désactivée,UNAVAILABLE_SENSOR_DATA,UNAVAILABLE_SENSOR_DATA,Non appairé,AI désactivée,0,0,0
1890,9.8,0,1,0.41,0.21,0,0,99,1,0,31,False,True,1,0,0,0,0,3.84,AI désactivée,AI désactivée,UNAVAILABLE_SENSOR_DATA,UNAVAILABLE_SENSOR_DATA,Non appairé,AI désactivée,0,0,0
1900,9.1,0,1,0.4,0.21,0,0,99,1,0,31,False,True,1,0,0,0,0,3.84,AI désactivée,AI désactivée,UNAVAILABLE_SENSOR_DATA,UNAVAILABLE_SENSOR_DATA,Non appairé,AI désactivée,0,0,0
1910,9.1,0,1,0.4,0.21,0,0,99,1,0,31,False,True,1,0,0,0,0,3.84,AI désactivée,AI désactivée,UNAVAILABLE_SENSOR_DATA,UNAVAILABLE_SENSOR_DATA,Non appairé,AI désactivée,0,0,0
1920,9.2,0,1,0.4,0.21,0,0,99,1,0,31,False,True,1,0,0,0,0,3.84,AI désactivée,AI désactivée,UNAVAILABLE_SENSOR_DATA,UNAVAILABLE_SENSOR_DATA,Non appairé,AI désactivée,0,0,0
1930,8.7,0,1,0.39,0.21,0,0,99,1,0,31,False,True,1,0,0,0,0,3.84,AI désactivée,AI désactivée,UNAVAILABLE_SENSOR_DATA,UNAVAILABLE_SENSOR_DATA,Non appairé,AI désactivée,0,0,0
1940,8.7,0,1,0.39,0.21,0,0,99,1,0,31,False,True,1,0,0,0,0,3.84,AI désactivée,AI désactivée,UNAVAILABLE_SENSOR_DATA,UNAVAILABLE_SENSOR_DATA,Non appairé,AI désactivée,0,0,0
1950,8.7,0,1,0.39,0.21,0,0,99,1,0,31,False,True,1,0,0,0,0,3.84,AI désactivée,AI désactivée,UNAVAILABLE_SENSOR_DATA,UNAVAILABLE_SENSOR_DATA,Non appairé,AI désactivée,0,0,0
1960,8.400001,0,1,0.38,0.21,0,0,99,1,0,31,False,True,1,0,0,0,0,3.84,AI désactivée,AI désactivée,UNAVAILABLE_SENSOR_DATA,UNAVAILABLE_SENSOR_DATA,Non appairé,AI désactivée,0,0,0
1970,8.5,0,1,0.38,0.21,0,0,99,1,0,31,False,True,1,0,0,0,0,3.84,AI désactivée,AI désactivée,UNAVAILABLE_SENSOR_DATA,UNAVAILABLE_SENSOR_DATA,Non appairé,AI désactivée,0,0,0
1980,8.2,0,1,0.38,0.21,0,0,99,1,0,31,False,True,1,0,0,0,0,3.84,AI désactivée,AI désactivée,UNAVAILABLE_SENSOR_DATA,UNAVAILABLE_SENSOR_DATA,Non appairé,AI désactivée,0,0,0
1990,8.400001,0,1,0.38,0.21,0,0,99,1,0,31,False,True,1,0,0,0,0,3.84,AI désactivée,AI désactivée,UNAVAILABLE_SENSOR_DATA,UNAVAILABLE_SENSOR_DATA,Non appairé,AI désactivée,0,0,0
2000,8.400001,0,1,0.38,0.21,0,0,99,1,0,31,False,True,1,0,0,0,0,3.84,AI désactivée,AI désactivée,UNAVAILABLE_SENSOR_DATA,UNAVAILABLE_SENSOR_DATA,Non appairé,AI désactivée,0,0,0
2010,8.400001,0,1,0.38,0.21,0,0,99,1,0,31,False,True,1,0,0,0,0,3.84,AI désactivée,AI désactivée,UNAVAILABLE_SENSOR_DATA,UNAVAILABLE_SENSOR_DATA,Non appairé,AI désactivée,0,0,0
2020,8.900001,0,1,0.39,0.21,0,0,99,1,0,31,False,True,1,0,0,0,0,3.84,AI désactivée,AI désactivée,UNAVAILABLE_SENSOR_DATA,UNAVAILABLE_SENSOR_DATA,Non appairé,AI désactivée,0,0,0
2030,8.7,0,1,0.39,0.21,0,0,99,1,0,31,False,True,1,0,0,0,0,3.84,AI désactivée,AI désactivée,UNAVAILABLE_SENSOR_DATA,UNAVAILABLE_SENSOR_DATA,Non appairé,AI désactivée,0,0,0
2040,8,0,1,0.37,0.21,0,0,99,1,0,31,False,True,1,0,0,0,0,3.84,AI désactivée,AI désactivée,UNAVAILABLE_SENSOR_DATA,UNAVAILABLE_SENSOR_DATA,Non appairé,AI désactivée,0,0,0
2050,8,0,1,0.37,0.21,0,0,99,1,0,31,False,True,1,0,0,0,0,3.84,AI désactivée,AI désactivée,UNAVAILABLE_SENSOR_DATA,UNAVAILABLE_SENSOR_DATA,Non appairé,AI désactivée,0,0,0
2060,8,0,1,0.37,0.21,0,0,99,1,0,31,False,True,1,0,0,0,0,3.84,AI désactivée,AI désactivée,UNAVAILABLE_SENSOR_DATA,UNAVAILABLE_SENSOR_DATA,Non appairé,AI désactivée,0,0,0
2070,7.4,0,1,0.36,0.21,0,0,99,1,0,31,False,True,1,0,0,0,0,3.84,AI désactivée,AI désactivée,UNAVAILABLE_SENSOR_DATA,UNAVAILABLE_SENSOR_DATA,Non appairé,AI désactivée,0,0,0
2080,7.3,0,1,0.36,0.21,0,0,99,1,0,31,False,True,1,0,0,0,0,3.84,AI désactivée,AI désactivée,UNAVAILABLE_SENSOR_DATA,UNAVAILABLE_SENSOR_DATA,Non appairé,AI désactivée,0,0,0
2090,7.2,0,1,0.36,0.21,0,0,99,1,0,31,False,True,1,0,0,0,0,3.84,AI désactivée,AI désactivée,UNAVAILABLE_SENSOR_DATA,UNAVAILABLE_SENSOR_DATA,Non appairé,AI désactivée,0,0,0
2100,7.3,0,1,0.36,0.21,0,0,99,1,0,31,False,True,1,0,0,0,0,3.84,AI désactivée,AI désactivée,UNAVAILABLE_SENSOR_DATA,UNAVAILABLE_SENSOR_DATA,Non appairé,AI désactivée,0,0,0
2110,6.3,0,1,0.34,0.21,0,0,99,1,0,31,False,True,1,0,0,0,0,3.84,AI désactivée,AI désactivée,UNAVAILABLE_SENSOR_DATA,UNAVAILABLE_SENSOR_DATA,Non appairé,AI désactivée,0,0,0
2120,6,0,1,0.33,0.21,0,0,99,1,0,31,False,True,1,0,0,0,0,3.84,AI désactivée,AI désactivée,UNAVAILABLE_SENSOR_DATA,UNAVAILABLE_SENSOR_DATA,Non appairé,AI désactivée,0,0,0
2130,6,0,1,0.33,0.21,0,0,99,1,0,31,False,True,1,0,0,0,0,3.84,AI désactivée,AI désactivée,UNAVAILABLE_SENSOR_DATA,UNAVAILABLE_SENSOR_DATA,Non appairé,AI désactivée,0,0,0
2140,5.8,0,1,0.33,0.21,0,0,99,1,0,31,False,True,1,0,0,0,0,3.84,AI désactivée,AI désactivée,UNAVAILABLE_SENSOR_DATA,UNAVAILABLE_SENSOR_DATA,Non appairé,AI désactivée,0,0,0
2150,5.8,0,1,0.33,0.21,0,0,99,1,0,31,False,True,1,0,0,0,0,3.84,AI désactivée,AI désactivée,UNAVAILABLE_SENSOR_DATA,UNAVAILABLE_SENSOR_DATA,Non appairé,AI désactivée,0,0,0
2160,5.7,0,1,0.33,0.21,0,0,99,1,0,31,False,True,1,0,0,0,0,3.84,AI désactivée,AI désactivée,UNAVAILABLE_SENSOR_DATA,UNAVAILABLE_SENSOR_DATA,Non appairé,AI désactivée,0,0,0
2170,6.8,0,1,0.35,0.21,0,0,99,1,0,31,False,True,1,0,0,0,0,3.84,AI désactivée,AI désactivée,UNAVAILABLE_SENSOR_DATA,UNAVAILABLE_SENSOR_DATA,Non appairé,AI désactivée,0,0,0
2180,5.8,0,1,0.33,0.21,0,0,99,1,0,31,False,True,1,0,0,0,0,3.84,AI désactivée,AI désactivée,UNAVAILABLE_SENSOR_DATA,UNAVAILABLE_SENSOR_DATA,Non appairé,AI désactivée,0,0,0
2190,5.3,0,1,0.32,0.21,0,0,99,1,0,31,False,True,1,0,0,0,0,3.84,AI désactivée,AI désactivée,UNAVAILABLE_SENSOR_DATA,UNAVAILABLE_SENSOR_DATA,Non appairé,AI désactivée,0,0,0
2200,4.8,0,1,0.31,0.21,0,0,99,1,0,31,False,True,1,0,0,0,0,3.84,AI désactivée,AI désactivée,UNAVAILABLE_SENSOR_DATA,UNAVAILABLE_SENSOR_DATA,Non appairé,AI désactivée,0,0,0
2210,4.4,0,1,0.3,0.21,0,0,99,1,0,31,False,True,1,0,0,0,0,3.84,AI désactivée,AI désactivée,UNAVAILABLE_SENSOR_DATA,UNAVAILABLE_SENSOR_DATA,Non appairé,AI désactivée,0,0,0
2220,4.1,0,1,0.29,0.21,0,0,99,1,0,31,False,True,1,0,0,0,0,3.84,AI désactivée,AI désactivée,UNAVAILABLE_SENSOR_DATA,UNAVAILABLE_SENSOR_DATA,Non appairé,AI désactivée,0,0,0
2230,3.9,0,1,0.29,0.21,0,0,99,1,0,31,False,True,1,0,0,0,0,3.84,AI désactivée,AI désactivée,UNAVAILABLE_SENSOR_DATA,UNAVAILABLE_SENSOR_DATA,Non appairé,AI désactivée,0,0,0
2240,3.9,0,1,0.29,0.21,0,0,99,1,0,31,False,True,1,0,0,0,0,3.84,AI désactivée,AI désactivée,UNAVAILABLE_SENSOR_DATA,UNAVAILABLE_SENSOR_DATA,Non appairé,AI désactivée,0,0,0
2250,3.5,0,1,0.28,0.21,0,0,99,1,0,31,False,True,1,0,0,0,0,3.84,AI désactivée,AI désactivée,UNAVAILABLE_SENSOR_DATA,UNAVAILABLE_SENSOR_DATA,Non appairé,AI désactivée,0,0,0
2260,3.5,0,1,0.28,0.21,0,0,99,1,0,31,False,True,1,0,0,0,0,3.84,AI désactivée,AI désactivée,UNAVAILABLE_SENSOR_DATA,UNAVAILABLE_SENSOR_DATA,Non appairé,AI désactivée,0,0,0
2270,3.8,0,1,0.29,0.21,0,0,99,1,0,31,False,True,1,0,0,0,0,3.84,AI désactivée,AI désactivée,UNAVAILABLE_SENSOR_DATA,UNAVAILABLE_SENSOR_DATA,Non appairé,AI désactivée,0,0,0
2280,4,0,1,0.29,0.21,0,0,99,1,0,31,False,True,1,0,0,0,0,3.84,AI désactivée,AI désactivée,UNAVAILABLE_SENSOR_DATA,UNAVAILABLE_SENSOR_DATA,Non appairé,AI désactivée,0,0,0
2290,4.1,0,1,0.3,0.21,0,0,99,1,0,31,False,True,1,0,0,0,0,3.84,AI désactivée,AI désactivée,UNAVAILABLE_SENSOR_DATA,UNAVAILABLE_SENSOR_DATA,Non appairé,AI désactivée,0,0,0
2300,4.1,0,1,0.29,0.21,0,0,99,1,0,31,False,True,1,0,0,0,0,3.84,AI désactivée,AI désactivée,UNAVAILABLE_SENSOR_DATA,UNAVAILABLE_SENSOR_DATA,Non appairé,AI désactivée,0,0,0
2310,3.6,0,1,0.29,0.21,0,0,99,1,0,31,False,True,1,0,0,0,0,3.84,AI désactivée,AI désactivée,UNAVAILABLE_SENSOR_DATA,UNAVAILABLE_SENSOR_DATA,Non appairé,AI désactivée,0,0,0
2320,3.5,0,1,0.28,0.21,0,0,99,1,0,31,False,True,1,0,0,0,0,3.84,AI désactivée,AI désactivée,UNAVAILABLE_SENSOR_DATA,UNAVAILABLE_SENSOR_DATA,Non appairé,AI désactivée,0,0,0
2330,3.5,0,1,0.28,0.21,0,0,99,1,0,31,False,True,1,0,0,0,0,3.84,AI désactivée,AI désactivée,UNAVAILABLE_SENSOR_DATA,UNAVAILABLE_SENSOR_DATA,Non appairé,AI désactivée,0,0,0
2340,2.9,0,1,0.27,0.21,0,0,99,1,0,31,False,True,1,0,0,0,0,3.84,AI désactivée,AI désactivée,UNAVAILABLE_SENSOR_DATA,UNAVAILABLE_SENSOR_DATA,Non appairé,AI désactivée,0,0,0
2350,2.3,0,1,0.26,0.21,0,0,99,1,0,31,False,True,1,0,0,0,0,3.84,AI désactivée,AI désactivée,UNAVAILABLE_SENSOR_DATA,UNAVAILABLE_SENSOR_DATA,Non appairé,AI désactivée,0,0,0
2360,1.5,0,1,0.24,0.21,0,0,99,1,0,31,False,True,1,0,0,0,0,3.84,AI désactivée,AI désactivée,UNAVAILABLE_SENSOR_DATA,UNAVAILABLE_SENSOR_DATA,Non appairé,AI désactivée,0,0,0
2370,0,0,1,0.23,0.21,0,0,99,1,0,31,False,True,1,0,0,0,0,3.84,AI désactivée,AI désactivée,UNAVAILABLE_SENSOR_DATA,UNAVAILABLE_SENSOR_DATA,Non appairé,AI désactivée,0,0,0
2380,0,0,1,0.22,0.21,0,0,99,1,0,31,False,True,1,0,0,0,0,3.84,AI désactivée,AI désactivée,UNAVAILABLE_SENSOR_DATA,UNAVAILABLE_SENSOR_DATA,Non appairé,AI désactivée,0,0,0
2390,0,0,0,0.22,0.21,0,0,99,1,0,31,False,True,1,0,0,0,0,3.84,AI désactivée,AI désactivée,UNAVAILABLE_SENSOR_DATA,UNAVAILABLE_SENSOR_DATA,Non appairé,AI désactivée,0,0,0
2400,0,0,0,0.22,0.21,0,0,99,1,0,31,False,True,1,0,0,0,0,3.84,AI désactivée,AI désactivée,UNAVAILABLE_SENSOR_DATA,UNAVAILABLE_SENSOR_DATA,Non appairé,AI désactivée,0,0,0
2410,0,0,0,0.22,0.21,0,0,99,1,0,31,False,True,1,0,0,0,0,3.84,AI désactivée,AI désactivée,UNAVAILABLE_SENSOR_DATA,UNAVAILABLE_SENSOR_DATA,Non appairé,AI désactivée,0,0,0
2420,0,0,0,0.21,0.21,0,0,99,1,0,31,False,True,1,0,0,0,0,3.84,AI désactivée,AI désactivée,UNAVAILABLE_SENSOR_DATA,UNAVAILABLE_SENSOR_DATA,Non appairé,AI désactivée,0,0,0
2430,1,0,0,0.23,0.21,0,0,99,1,0,31,False,True,1,0,0,0,0,3.84,AI désactivée,AI désactivée,UNAVAILABLE_SENSOR_DATA,UNAVAILABLE_SENSOR_DATA,Non appairé,AI désactivée,0,0,0
2440,1.2,0,1,0.23,0.21,0,0,99,1,0,31,False,True,1,0,0,0,0,3.84,AI désactivée,AI désactivée,UNAVAILABLE_SENSOR_DATA,UNAVAILABLE_SENSOR_DATA,Non appairé,AI désactivée,0,0,0
2450,1,0,1,0.23,0.21,0,0,99,1,0,31,False,True,1,0,0,0,0,3.84,AI désactivée,AI désactivée,UNAVAILABLE_SENSOR_DATA,UNAVAILABLE_SENSOR_DATA,Non appairé,AI désactivée,0,0,0
2460,0,0,1,0.23,0.21,0,0,99,1,0,31,False,True,1,0,0,0,0,3.84,AI désactivée,AI désactivée,UNAVAILABLE_SENSOR_DATA,UNAVAILABLE_SENSOR_DATA,Non appairé,AI désactivée,0,0,0